,age,Medu,Fedu,traveltime,studytime,failures,famrel,freetime,goout,Dalc,Walc,health,absences,G1,G2,G3
count,649.0,649.0,649.0,649.0,649.0,649.0,649.0,649.0,649.0,649.0,649.0,649.0,649.0,649.0,649.0,649.0
mean,16.7442218798151,2.514637904468413,2.3066255778120186,1.568567026194145,1.9306625577812018,0.2218798151001541,3.930662557781202,3.180277349768875,3.184899845916795,1.50231124807396,2.280431432973806,3.536209553158706,3.6594761171032357,11.399075500770415,11.570107858243452,11.906009244992296
std,1.2181376394800618,1.1345519999533142,1.099930911140804,0.748660086353414,0.8295095746366191,0.5932351492649646,0.9557168913381906,1.0510925753570612,1.175766113842308,0.9248344305673313,1.2843799719490272,1.4462590500910721,4.640758808397126,2.745265128446369,2.913638664303868,3.2306562428048045
min,15.0,0.0,0.0,1.0,1.0,0.0,1.0,1.0,1.0,1.0,1.0,1.0,0.0,0.0,0.0,0.0
25%,16.0,2.0,1.0,1.0,1.0,0.0,4.0,3.0,2.0,1.0,1.0,2.0,0.0,10.0,10.0,10.0
50%,17.0,2.0,2.0,1.0,2.0,0.0,4.0,3.0,3.0,1.0,2.0,4.0,2.0,11.0,11.0,12.0
75%,18.0,4.0,3.0,2.0,2.0,0.0,5.0,4.0,4.0,2.0,3.0,5.0,6.0,13.0,13.0,14.0
max,22.0,4.0,4.0,4.0,4.0,3.0,5.0,5.0,5.0,5.0,5.0,5.0,32.0,19.0,19.0,19.0
